,model,mean_confidence,std_confidence,n
0,claude,0.9073333333333333,0.11035782969374053,30
1,deepseek,0.9403333333333334,0.07645072036075375,30
2,gemini,0.9646666666666667,0.08058978002003829,30
3,gpt5,0.8863333333333333,0.1272381241212124,30
4,grok,0.9393333333333334,0.07638077630206273,30
